{
  "bench1_static_sequential": {
    "baseline": {
      "phases": {
        "Sequential_Read": {
          "wall_times": [
            0.04240083694458,
            0.043434143066406,
            0.036130905151367,
            0.039806127548218,
            0.029182910919189
          ],
          "cpu_times": [
            0.042395,
            0.043397,
            0.036005,
            0.039762,
            0.029137
          ],
          "throughput": [
            9.4337760484025,
            9.2093448094151,
            11.070854669271,
            10.048704172881,
            13.706651852094
          ],
          "mean_wall": 0.038190984725952004,
          "mean_tp": 10.69386631041272
        },
        "Strided_Read": {
          "wall_times": [
            0.020886898040771,
            0.020726203918457,
            0.02173900604248,
            0.018433094024658,
            0.018449783325195
          ],
          "cpu_times": [
            0.020885,
            0.020725,
            0.021713,
            0.018378,
            0.018419
          ],
          "throughput": [
            0.29923064630276,
            0.30155063727971,
            0.28750164509761,
            0.33906407636392,
            0.33875736586374
          ],
          "mean_wall": 0.0200469970703122,
          "mean_tp": 0.313220874181548
        },
        "Sequential_Write": {
          "wall_times": [
            0.023038148880005,
            0.022668838500977,
            0.023693084716797,
            0.023233890533447,
            0.023163795471191
          ],
          "cpu_times": [
            0.022998,
            0.022668,
            0.023652,
            0.02322,
            0.02314
          ],
          "throughput": [
            17.362506079955,
            17.645368111064,
            16.882563194333,
            17.216229861467,
            17.268327226316
          ],
          "mean_wall": 0.0231595516204834,
          "mean_tp": 17.274998894627
        }
      },
      "total_wall": [
        0.086325883865356,
        0.08682918548584001,
        0.081562995910644,
        0.081473112106323,
        0.070796489715575
      ]
    },
    "sanitized": {
      "phases": {
        "Sequential_Read": {
          "wall_times": [
            0.031845331192017,
            0.030864953994751,
            0.035547018051147,
            0.034565925598145,
            0.028439998626709
          ],
          "cpu_times": [
            0.0318,
            0.030826,
            0.035051,
            0.034517,
            0.028393
          ],
          "throughput": [
            12.560710943408,
            12.959682365573,
            11.252701968544,
            11.57208994344,
            14.064698288148
          ],
          "mean_wall": 0.0322526454925538,
          "mean_tp": 12.4819767018226
        },
        "Strided_Read": {
          "wall_times": [
            0.021622180938721,
            0.019009828567505,
            0.018442153930664,
            0.018663883209229,
            0.017707109451294
          ],
          "cpu_times": [
            0.021583,
            0.019004,
            0.018401,
            0.018571,
            0.017706
          ],
          "throughput": [
            0.28905502260448,
            0.32877729421946,
            0.33889750749819,
            0.3348713625099,
            0.35296557109965
          ],
          "mean_wall": 0.0190890312194826,
          "mean_tp": 0.328913351586336
        },
        "Sequential_Write": {
          "wall_times": [
            0.023772954940796,
            0.028345108032227,
            0.023030996322632,
            0.023598909378052,
            0.022992134094238
          ],
          "cpu_times": [
            0.023677,
            0.028318,
            0.023029,
            0.023595,
            0.022989
          ],
          "throughput": [
            16.825842685361,
            14.111782518,
            17.367898218408,
            16.949935846274,
            17.397254137459
          ],
          "mean_wall": 0.024348020553589,
          "mean_tp": 16.5305426811004
        }
      },
      "total_wall": [
        0.077240467071534,
        0.078219890594483,
        0.077020168304443,
        0.076828718185426,
        0.069139242172241
      ],
      "exit_codes": [
        0,
        0,
        0,
        0,
        0
      ]
    },
    "metrics": {
      "baseline_mean_s": 0.0813975334167476,
      "baseline_stddev_s": 0.006446058870995323,
      "sanitized_mean_s": 0.0756896972656254,
      "sanitized_stddev_s": 0.0037007684689681236,
      "overhead_pct": -7.012296210376093,
      "slowdown_ratio": 0.9298770378962391,
      "oob_detected": false,
      "checks_per_sec_overhead": 0.0
    },
    "overhead_per_phase": {
      "Sequential_Read": 0.8445093972828904,
      "Strided_Read": 0.9522139975643404,
      "Sequential_Write": 1.0513165778241778
    }
  },
  "bench2_allocatable_descriptor": {
    "baseline": {
      "phases": {
        "Standard_Descriptor": {
          "wall_times": [
            0.014984130859375,
            0.015180826187134,
            0.015432119369507,
            0.013551950454712,
            0.015810012817383
          ],
          "cpu_times": [
            0.014972,
            0.015181,
            0.01543,
            0.01355,
            0.015786
          ],
          "throughput": [
            13.347454175153,
            13.174513530068,
            12.959982696556,
            14.75802325786,
            12.650211123175
          ],
          "mean_wall": 0.0149918079376222,
          "mean_tp": 13.3780369565624
        },
        "Negative_LB_Descriptor": {
          "wall_times": [
            0.01300311088562,
            0.012521982192993,
            0.012749195098877,
            0.013489007949829,
            0.013160943984985
          ],
          "cpu_times": [
            0.012996,
            0.012522,
            0.012749,
            0.013488,
            0.013111
          ],
          "throughput": [
            15.380935512991,
            15.971912986102,
            15.68726562335,
            14.826887992347,
            15.196479084492
          ],
          "mean_wall": 0.012984848022460799,
          "mean_tp": 15.4126962398564
        },
        "Reallocation_Cycles": {
          "wall_times": [
            0.027859926223755,
            0.025647878646851,
            0.026113033294678,
            0.024373054504395,
            0.024691820144653
          ],
          "cpu_times": [
            0.027809,
            0.025647,
            0.026108,
            0.024369,
            0.024621
          ],
          "throughput": [
            14.357539814981,
            15.595831745294,
            15.318021291748,
            16.411566302774,
            16.199696808767
          ],
          "mean_wall": 0.0257371425628664,
          "mean_tp": 15.5765311927128
        }
      },
      "total_wall": [
        0.05584716796875,
        0.053350687026978,
        0.054294347763062,
        0.051414012908936005,
        0.053662776947021
      ]
    },
    "sanitized": {
      "phases": {
        "Standard_Descriptor": {
          "wall_times": [
            0.31420683860779,
            0.27196216583252,
            0.26949501037598,
            0.26946902275085,
            0.2693920135498
          ],
          "cpu_times": [
            0.285023,
            0.271816,
            0.269424,
            0.269402,
            0.269369
          ],
          "throughput": [
            0.63652338340622,
            0.7353964084959,
            0.74212876787951,
            0.74220033886758,
            0.74241250646068
          ],
          "mean_wall": 0.278905010223388,
          "mean_tp": 0.719732281021978
        },