benchmark,baseline_mean_s,baseline_stddev_s,sanitized_mean_s,sanitized_stddev_s,overhead_pct,slowdown_ratio,oob_detected,checks_per_sec_overhead
bench1_static_sequential,0.092950582504273,0.0,0.1053094220161444,0.0,13.296139926076588,1.132961399260766,False,65236707639.54405
bench2_allocatable_descriptor,0.061937093734741,0.0,0.08402031421661346,0.0,35.65427298937956,1.3565427298937955,True,97669025755.12024
bench3_assumed_shape_calls,0.028525114059448402,0.0,0.03488428592681907,0.0,22.293239052848975,1.2229323905284897,True,40099560967.745186
