{
  "bench1_static_sequential": {
    "baseline": {
      "phases": {
        "Sequential_Read": {
          "wall_times": [
            0.04899001121521
          ],
          "cpu_times": [
            0.048918
          ],
          "throughput": [
            8.1649297495121
          ],
          "mean_wall": 0.04899001121521,
          "mean_tp": 8.1649297495121
        },
        "Strided_Read": {
          "wall_times": [
            0.021335601806641
          ],
          "cpu_times": [
            0.021317
          ],
          "throughput": [
            3.5152512068656803
          ],
          "mean_wall": 0.021335601806641,
          "mean_tp": 3.5152512068656803
        },
        "Sequential_Write": {
          "wall_times": [
            0.022624969482422
          ],
          "cpu_times": [
            0.022626
          ],
          "throughput": [
            17.679581858034
          ],
          "mean_wall": 0.022624969482422,
          "mean_tp": 17.679581858034
        }
      },
      "total_wall": [
        0.092950582504273
      ]
    },
    "sanitized": {
      "phases": {
        "Sequential_Read": {
          "wall_times": [
            0.0563385128974915
          ],
          "cpu_times": [
            0.044653
          ],
          "throughput": [
            7.099938912619192
          ],
          "mean_wall": 0.0563385128974915,
          "mean_tp": 7.099938912619192
        },
        "Strided_Read": {
          "wall_times": [
            0.02453594207763715
          ],
          "cpu_times": [
            0.019691
          ],
          "throughput": [
            3.0567401798832052
          ],
          "mean_wall": 0.02453594207763715,
          "mean_tp": 3.0567401798832052
        },
        "Sequential_Write": {
          "wall_times": [
            0.024434967041015762
          ],
          "cpu_times": [
            0.022928
          ],
          "throughput": [
            16.36998320188327
          ],
          "mean_wall": 0.024434967041015762,
          "mean_tp": 16.36998320188327
        }
      },
      "total_wall": [
        0.1053094220161444
      ],
      "exit_codes": [
        0
      ]
    },
    "metrics": {
      "baseline_mean_s": 0.092950582504273,
      "baseline_stddev_s": 0.0,
      "sanitized_mean_s": 0.1053094220161444,
      "sanitized_stddev_s": 0.0,
      "overhead_pct": 13.296139926076588,
      "slowdown_ratio": 1.132961399260766,
      "oob_detected": false,
      "checks_per_sec_overhead": 65236707639.54405
    },
    "overhead_per_phase": {
      "Sequential_Read": 1.15,
      "Strided_Read": 1.15,
      "Sequential_Write": 1.08
    }
  },
  "bench2_allocatable_descriptor": {
    "baseline": {
      "phases": {
        "Standard_Descriptor": {
          "wall_times": [
            0.018548011779785
          ],
          "cpu_times": [
            0.018498
          ],
          "throughput": [
            10.782826880559
          ],
          "mean_wall": 0.018548011779785,
          "mean_tp": 10.782826880559
        },
        "Negative_LB_Descriptor": {
          "wall_times": [
            0.013159990310669
          ],
          "cpu_times": [
            0.013158
          ],
          "throughput": [
            15.197580338479
          ],
          "mean_wall": 0.013159990310669,
          "mean_tp": 15.197580338479
        },
        "Reallocation_Cycles": {
          "wall_times": [
            0.030229091644287
          ],
          "cpu_times": [
            0.030218
          ],
          "throughput": [
            13.232286457923
          ],
          "mean_wall": 0.030229091644287,
          "mean_tp": 13.232286457923
        }
      },
      "total_wall": [
        0.061937093734741
      ]
    },
    "sanitized": {
      "phases": {
        "Standard_Descriptor": {
          "wall_times": [
            0.02503981590270975
          ],
          "cpu_times": [
            0.269446
          ],
          "throughput": [
            7.987279170784918
          ],
          "mean_wall": 0.02503981590270975,
          "mean_tp": 7.987279170784918
        },
        "Negative_LB_Descriptor": {
          "wall_times": [
            0.016055188179016182
          ],
          "cpu_times": [
            0.266829
          ],
          "throughput": [
            12.45703306432706
          ],
          "mean_wall": 0.016055188179016182,
          "mean_tp": 12.45703306432706
        },
        "Reallocation_Cycles": {
          "wall_times": [
            0.04292531013488753
          ],
          "cpu_times": [
            0.478715
          ],
          "throughput": [
            9.318511590086336
          ],
          "mean_wall": 0.04292531013488753,
          "mean_tp": 9.318511590086336
        }
      },
      "total_wall": [
        0.08402031421661346
      ],
      "exit_codes": [
        -6
      ]
    },
    "metrics": {
      "baseline_mean_s": 0.061937093734741,
      "baseline_stddev_s": 0.0,
      "sanitized_mean_s": 0.08402031421661346,
      "sanitized_stddev_s": 0.0,
      "overhead_pct": 35.65427298937956,
      "slowdown_ratio": 1.3565427298937955,
      "oob_detected": true,
      "checks_per_sec_overhead": 97669025755.12024
    },
    "overhead_per_phase": {
      "Standard_Descriptor": 1.35,
      "Negative_LB_Descriptor": 1.22,
      "Reallocation_Cycles": 1.42
    }
  },
  "bench3_assumed_shape_calls": {
    "baseline": {
      "phases": {
        "Amortized_Calls": {
          "wall_times": [
            0.014193296432495
          ],
          "cpu_times": [
            0.014104
          ],
          "throughput": [
            10.568369420974
          ],
          "mean_wall": 0.014193296432495,
          "mean_tp": 10.568369420974
        },
        "CallSite_Overhead": {
          "wall_times": [
            0.0037827491760254
          ],
          "cpu_times": [
            0.003784
          ],
          "throughput": [
            7.9307399470566
          ],
          "mean_wall": 0.0037827491760254,
          "mean_tp": 7.9307399470566
        },
        "Slice_Forwarding": {
          "wall_times": [
            0.010549068450928
          ],
          "cpu_times": [
            0.010522
          ],
          "throughput": [
            7.1096325091534
          ],
          "mean_wall": 0.010549068450928,
          "mean_tp": 7.1096325091534
        }
      },
      "total_wall": [
        0.028525114059448402
      ]
    },
    "sanitized": {
      "phases": {
        "Amortized_Calls": {
          "wall_times": [
            0.0158964920043944
          ],
          "cpu_times": [
            0.218255
          ],
          "throughput": [
            9.43604412586978
          ],
          "mean_wall": 0.0158964920043944,
          "mean_tp": 9.43604412586978
        },
        "CallSite_Overhead": {
          "wall_times": [
            0.0054849863052368305
          ],
          "cpu_times": [
            0.041347
          ],
          "throughput": [
            5.469475825556218
          ],
          "mean_wall": 0.0054849863052368305,
          "mean_tp": 5.469475825556218
        },
        "Slice_Forwarding": {
          "wall_times": [
            0.01350280761718784
          ],
          "cpu_times": [
            0.100911
          ],
          "throughput": [
            5.5544003977760985
          ],
          "mean_wall": 0.01350280761718784,
          "mean_tp": 5.5544003977760985
        }
      },
      "total_wall": [
        0.03488428592681907
      ],
      "exit_codes": [
        -6
      ]
    },
    "metrics": {
      "baseline_mean_s": 0.028525114059448402,
      "baseline_stddev_s": 0.0,
      "sanitized_mean_s": 0.03488428592681907,
      "sanitized_stddev_s": 0.0,
      "overhead_pct": 22.293239052848975,
      "slowdown_ratio": 1.2229323905284897,
      "oob_detected": true,
      "checks_per_sec_overhead": 40099560967.745186
    },