benchmark,baseline_mean_s,baseline_stddev_s,sanitized_mean_s,sanitized_stddev_s,overhead_pct,slowdown_ratio,oob_detected,checks_per_sec_overhead
bench1_static_sequential,0.0813975334167476,0.006446058870995323,0.0756896972656254,0.0037007684689681236,-7.012296210376093,0.9298770378962391,False,0.0
bench2_allocatable_descriptor,0.0537137985229494,0.0016055972130807478,1.023833417892452,0.021325448371981602,1806.0901407950428,19.060901407950432,True,2223279054.393078
bench3_assumed_shape_calls,0.02189908027648934,0.0007389279640025619,0.3446988582611098,0.002958238664196098,1474.0334932292817,15.740334932292818,True,1161710836.1761842
